{
  "MODBUILT_NAMES": "_ctypes_test  _tkinter  _asyncio  _bisect  _blake2  _bz2  _codecs_cn  _codecs_hk  _codecs_iso2022  _codecs_jp  _codecs_kr  _codecs_tw  _csv  _ctypes  _curses  _curses_panel  _datetime  _dbm  _decimal  _elementtree  _hashlib  _heapq  _hmac  _interpchannels  _interpqueues  _interpreters  _json  _lsprof  _lzma  _md5  _multibytecodec  _multiprocessing  _opcode  _pickle  _posixshmem  _posixsubprocess  _queue  _random  _remote_debugging  _scproxy  _sha1  _sha2  _sha3  _socket  _sqlite3  _ssl  _statistics  _struct  _suggestions  _sysconfig  _testbuffer  _testimportmultiple  _testinternalcapi  _testmultiphase  _testsinglephase  _types  _typing  _uuid  _xxtestfuzz  _zoneinfo  _zstd  array  binascii  cmath  fcntl  grp  math  mmap  pyexpat  readline  resource  select  syslog  termios  unicodedata  xxsubtype  zlib  atexit  faulthandler  posix  _signal  _tracemalloc  _codecs  _collections  errno  _io  itertools  _sre  _thread  time  _weakref  _abc  _functools  _locale  _operator  _stat  _symtable  pwd",
  "MODSHARED_NAMES": "_ctypes_test _tkinter",
  "MODDISABLED_NAMES": "_gdbm  _testcapi  xx  xxlimited  xxlimited_35",
  "MODOBJS": "Modules/_asynciomodule.o  Modules/_bisectmodule.o  Modules/blake2module.o Modules/_hacl/Hacl_Hash_Blake2s.o Modules/_hacl/Hacl_Hash_Blake2b.o Modules/_hacl/Lib_Memzero0.o  Modules/_bz2module.o  Modules/cjkcodecs/_codecs_cn.o  Modules/cjkcodecs/_codecs_hk.o  Modules/cjkcodecs/_codecs_iso2022.o  Modules/cjkcodecs/_codecs_jp.o  Modules/cjkcodecs/_codecs_kr.o  Modules/cjkcodecs/_codecs_tw.o  Modules/_csv.o  Modules/_ctypes/_ctypes.o Modules/_ctypes/callbacks.o Modules/_ctypes/callproc.o Modules/_ctypes/stgdict.o Modules/_ctypes/cfield.o Modules/_ctypes/malloc_closure.o  Modules/_cursesmodule.o  Modules/_curses_panel.o  Modules/_datetimemodule.o  Modules/_dbmmodule.o  Modules/_decimal/_decimal.o  Modules/_elementtree.o  Modules/_hashopenssl.o  Modules/_heapqmodule.o  Modules/hmacmodule.o Modules/_hacl/Hacl_HMAC.o Modules/_hacl/Hacl_Streaming_HMAC.o  Modules/_interpchannelsmodule.o  Modules/_interpqueuesmodule.o  Modules/_interpretersmodule.o  Modules/_json.o  Modules/_lsprof.o Modules/rotatingtree.o  Modules/_lzmamodule.o  Modules/md5module.o Modules/_hacl/Hacl_Hash_MD5.o  Modules/cjkcodecs/multibytecodec.o  Modules/_multiprocessing/multiprocessing.o Modules/_multiprocessing/semaphore.o  Modules/_opcode.o  Modules/_pickle.o  Modules/_multiprocessing/posixshmem.o  Modules/_posixsubprocess.o  Modules/_queuemodule.o  Modules/_randommodule.o  Modules/_remote_debugging_module.o  Modules/_scproxy.o  Modules/sha1module.o Modules/_hacl/Hacl_Hash_SHA1.o  Modules/sha2module.o Modules/_hacl/Hacl_Hash_SHA2.o  Modules/sha3module.o Modules/_hacl/Hacl_Hash_SHA3.o  Modules/socketmodule.o  Modules/_sqlite/connection.o Modules/_sqlite/cursor.o Modules/_sqlite/microprotocols.o Modules/_sqlite/module.o Modules/_sqlite/prepare_protocol.o Modules/_sqlite/row.o Modules/_sqlite/statement.o Modules/_sqlite/util.o Modules/_sqlite/blob.o  Modules/_ssl.o  Modules/_statisticsmodule.o  Modules/_struct.o  Modules/_suggestions.o  Modules/_sysconfig.o  Modules/_testbuffer.o  Modules/_testimportmultiple.o  Modules/_testinternalcapi.o Modules/_testinternalcapi/pytime.o Modules/_testinternalcapi/set.o Modules/_testinternalcapi/test_critical_sections.o Modules/_testinternalcapi/test_lock.o Modules/_testinternalcapi/complex.o  Modules/_testmultiphase.o  Modules/_testsinglephase.o  Modules/_typesmodule.o  Modules/_typingmodule.o  Modules/_uuidmodule.o  Modules/_xxtestfuzz/_xxtestfuzz.o Modules/_xxtestfuzz/fuzzer.o  Modules/_zoneinfo.o  Modules/_zstd/_zstdmodule.o Modules/_zstd/zstddict.o Modules/_zstd/compressor.o Modules/_zstd/decompressor.o  Modules/arraymodule.o  Modules/binascii.o  Modules/cmathmodule.o  Modules/fcntlmodule.o  Modules/grpmodule.o  Modules/mathmodule.o  Modules/mmapmodule.o  Modules/pyexpat.o  Modules/readline.o  Modules/resource.o  Modules/selectmodule.o  Modules/syslogmodule.o  Modules/termios.o  Modules/unicodedata.o  Modules/xxsubtype.o  Modules/zlibmodule.o  Modules/atexitmodule.o  Modules/faulthandler.o  Modules/posixmodule.o  Modules/signalmodule.o  Modules/_tracemalloc.o  Modules/_codecsmodule.o  Modules/_collectionsmodule.o  Modules/errnomodule.o  Modules/_io/_iomodule.o Modules/_io/iobase.o Modules/_io/fileio.o Modules/_io/bytesio.o Modules/_io/bufferedio.o Modules/_io/textio.o Modules/_io/stringio.o  Modules/itertoolsmodule.o  Modules/_sre/sre.o  Modules/_threadmodule.o  Modules/timemodule.o  Modules/_weakref.o  Modules/_abc.o  Modules/_functoolsmodule.o  Modules/_localemodule.o  Modules/_operator.o  Modules/_stat.o  Modules/symtablemodule.o  Modules/pwdmodule.o",
  "VERSION": "3.14",
  "srcdir": "/install/lib/python3.14/config-3.14-darwin",
  "abs_srcdir": "/private/var/folders/lf/wbx6llps6z37wkfpk85_942m0000gn/T/tmpyb9pde7n/Python-3.14.0",
  "abs_builddir": "/private/var/folders/lf/wbx6llps6z37wkfpk85_942m0000gn/T/tmpyb9pde7n/Python-3.14.0",
  "CC": "clang -pthread",
  "CXX": "clang++",
  "AR": "/var/folders/lf/wbx6llps6z37wkfpk85_942m0000gn/T/tmpyb9pde7n/tools/llvm/bin/llvm-ar",
  "READELF": "@READELF@",
  "SOABI": "cpython-314-darwin",
  "ABIFLAGS": "",
  "ABI_THREAD": "",
  "LIBPYTHON": "",
  "GITVERSION": "",
  "GITTAG": "",
  "GITBRANCH": "",
  "PGO_PROF_GEN_FLAG": "-fprofile-instr-generate",
  "LLVM_PROF_ERR": "no",
  "DTRACE": "",
  "DFLAGS": "",
  "DTRACE_HEADERS": "",
  "DTRACE_OBJS": "",
  "DSYMUTIL": "",
  "DSYMUTIL_PATH": "",
  "GNULD": "no",
  "SHELL": "/bin/sh -e",
  "LN": "ln",
  "INSTALL": "/usr/bin/install -c",
  "MKDIR_P": "mkdir -p",
  "OPT": "-DNDEBUG -g -O3 -Wall",
  "BASECFLAGS": "-fno-strict-overflow -Wsign-compare -Wunreachable-code",
  "BASECPPFLAGS": "",
  "CONFIGURE_CFLAGS": "-arch x86_64 -mmacosx-version-min=10.15 -Wno-nullability-completeness -Wno-expansion-to-defined -Wno-undef-prefix  -isysroot /Applications/Xcode_16.4.app/Contents/Developer/Platforms/MacOSX.platform/Developer/SDKs/MacOSX15.5.sdk -fPIC -I/var/folders/lf/wbx6llps6z37wkfpk85_942m0000gn/T/tmpyb9pde7n/tools/deps/include -I/var/folders/lf/wbx6llps6z37wkfpk85_942m0000gn/T/tmpyb9pde7n/tools/deps/include/ncursesw -I/var/folders/lf/wbx6llps6z37wkfpk85_942m0000gn/T/tmpyb9pde7n/tools/deps/include/uuid -Werror=unguarded-availability-new",
  "CONFIGURE_CFLAGS_NODIST": "-flto=thin -std=c11 -Wextra -Wno-unused-parameter -Wno-missing-field-initializers -Wstrict-prototypes -Werror=implicit-function-declaration -fvisibility=hidden -Werror=unguarded-availability",
  "CONFIGURE_LDFLAGS_NOLTO": "-flto=thin",
  "CONFIGURE_CPPFLAGS": "-arch x86_64 -mmacosx-version-min=10.15 -Wno-nullability-completeness -Wno-expansion-to-defined -Wno-undef-prefix  -isysroot /Applications/Xcode_16.4.app/Contents/Developer/Platforms/MacOSX.platform/Developer/SDKs/MacOSX15.5.sdk -fPIC -I/var/folders/lf/wbx6llps6z37wkfpk85_942m0000gn/T/tmpyb9pde7n/tools/deps/include -I/var/folders/lf/wbx6llps6z37wkfpk85_942m0000gn/T/tmpyb9pde7n/tools/deps/include/ncursesw -I/var/folders/lf/wbx6llps6z37wkfpk85_942m0000gn/T/tmpyb9pde7n/tools/deps/include/uuid -Werror=unguarded-availability-new",
  "CONFIGURE_LDFLAGS": "-arch x86_64 -mmacosx-version-min=10.15 -isysroot /Applications/Xcode_16.4.app/Contents/Developer/Platforms/MacOSX.platform/Developer/SDKs/MacOSX15.5.sdk -L/var/folders/lf/wbx6llps6z37wkfpk85_942m0000gn/T/tmpyb9pde7n/tools/deps/lib -LModules/_hacl -Wl,-headerpad,40",
  "NO_AS_NEEDED": "",
  "CCSHARED": "",
  "LINKFORSHARED": "-Wl,-stack_size,1000000  -framework CoreFoundation",
  "ARFLAGS": "rcs",
  "CFLAGS_ALIASING": "",
  "MACHDEP": "darwin",
  "MULTIARCH": "darwin",
  "MULTIARCH_CPPFLAGS": "-DMULTIARCH=\\\"darwin\\\"",
  "prefix": "/install",
  "PLATLIBDIR": "lib",
  "WHEEL_PKG_DIR": "",
  "SHLIB_SUFFIX": ".so",
  "EXT_SUFFIX": ".cpython-314-darwin.so",
  "EXPORTSYMS": "",
  "EXPORTSFROM": "",
  "EXE": "",
  "BUILDEXE": ".exe",
  "APP_STORE_COMPLIANCE_PATCH": "",
  "UNIVERSALSDK": "",
  "PYTHONFRAMEWORK": "",
  "PYTHONFRAMEWORKDIR": "no-framework",
  "PYTHONFRAMEWORKPREFIX": "",
  "PYTHONFRAMEWORKINSTALLDIR": "",
  "PYTHONFRAMEWORKINSTALLNAMEPREFIX": "",
  "RESSRCDIR": "",
  "MACOSX_DEPLOYMENT_TARGET": "10.15",
  "IPHONEOS_DEPLOYMENT_TARGET": "",
  "STRIPFLAG": "-s",
  "LIPO_32BIT_FLAGS": "",
  "LIPO_INTEL64_FLAGS": "",
  "RUNSHARED": "DYLD_LIBRARY_PATH=/private/var/folders/lf/wbx6llps6z37wkfpk85_942m0000gn/T/tmpyb9pde7n/Python-3.14.0",
  "ENSUREPIP": "no",
  "LIBMPDEC_A": "Modules/_decimal/libmpdec/libmpdec.a",
  "LIBEXPAT_A": "Modules/expat/libexpat.a",
  "LIBHACL_LDFLAGS": "",
  "LIBHACL_BLAKE2_SIMD128_CFLAGS": "-DHACL_CAN_COMPILE_VEC128",
  "LIBHACL_BLAKE2_SIMD256_CFLAGS": "-DHACL_CAN_COMPILE_VEC256",
  "MODULE__IO_STATE": "",
  "MODULE_TIME_STATE": "",
  "MODULE_ARRAY_STATE": "",
  "MODULE__ASYNCIO_STATE": "",
  "MODULE__BISECT_STATE": "",
  "MODULE__CSV_STATE": "",
  "MODULE__HEAPQ_STATE": "",
  "MODULE__JSON_STATE": "",
  "MODULE__LSPROF_STATE": "",
  "MODULE__PICKLE_STATE": "",
  "MODULE__POSIXSUBPROCESS_STATE": "",
  "MODULE__QUEUE_STATE": "",
  "MODULE__RANDOM_STATE": "",
  "MODULE__REMOTE_DEBUGGING_STATE": "",
  "MODULE_SELECT_STATE": "",
  "MODULE__STRUCT_STATE": "",
  "MODULE__TYPES_STATE": "",
  "MODULE__TYPING_STATE": "",
  "MODULE__INTERPRETERS_STATE": "",
  "MODULE__INTERPCHANNELS_STATE": "",
  "MODULE__INTERPQUEUES_STATE": "",
  "MODULE__ZONEINFO_STATE": "",
  "MODULE__MULTIPROCESSING_STATE": "",
  "MODULE__POSIXSHMEM_STATE": "",
  "MODULE__STATISTICS_STATE": "",
  "MODULE_CMATH_STATE": "",
  "MODULE_MATH_STATE": "",
  "MODULE__DATETIME_STATE": "",
  "MODULE_FCNTL_STATE": "",
  "MODULE_MMAP_STATE": "",
  "MODULE__SOCKET_STATE": "",
  "MODULE_GRP_STATE": "",
  "MODULE_PWD_STATE": "",
  "MODULE_RESOURCE_STATE": "",
  "MODULE__SCPROXY_STATE": "",
  "MODULE_SYSLOG_STATE": "",
  "MODULE_TERMIOS_STATE": "",
  "MODULE_PYEXPAT_STATE": "",
  "MODULE__ELEMENTTREE_STATE": "",
  "MODULE__CODECS_CN_STATE": "",
  "MODULE__CODECS_HK_STATE": "",
  "MODULE__CODECS_ISO2022_STATE": "",
  "MODULE__CODECS_JP_STATE": "",
  "MODULE__CODECS_KR_STATE": "",
  "MODULE__CODECS_TW_STATE": "",
  "MODULE__MULTIBYTECODEC_STATE": "",
  "MODULE_UNICODEDATA_STATE": "",
  "MODULE__MD5_STATE": "",
  "MODULE__SHA1_STATE": "",
  "MODULE__SHA2_STATE": "",
  "MODULE__SHA3_STATE": "",
  "MODULE__BLAKE2_STATE": "",
  "MODULE__HMAC_STATE": "",
  "MODULE__CTYPES_STATE": "",
  "MODULE__CURSES_STATE": "",
  "MODULE__CURSES_PANEL_STATE": "",
  "MODULE__DECIMAL_STATE": "",
  "MODULE__DBM_STATE": "",
  "MODULE__GDBM_STATE": "",
  "MODULE_READLINE_STATE": "",
  "MODULE__SQLITE3_STATE": "",
  "MODULE__TKINTER_STATE": "",
  "MODULE__UUID_STATE": "",
  "MODULE_ZLIB_STATE": "",
  "MODULE_BINASCII_STATE": "",
  "MODULE__BZ2_STATE": "",
  "MODULE__LZMA_STATE": "",
  "MODULE__ZSTD_STATE": "",
  "MODULE__SSL_STATE": "",
  "MODULE__HASHLIB_STATE": "",
  "MODULE__TESTCAPI_STATE": "",
  "MODULE__TESTCLINIC_STATE": "",
  "MODULE__TESTCLINIC_LIMITED_STATE": "",
  "MODULE__TESTLIMITEDCAPI_STATE": "",
  "MODULE__TESTINTERNALCAPI_STATE": "",
  "MODULE__TESTBUFFER_STATE": "",
  "MODULE__TESTIMPORTMULTIPLE_STATE": "",
  "MODULE__TESTMULTIPHASE_STATE": "",
  "MODULE__TESTSINGLEPHASE_STATE": "",
  "MODULE_XXSUBTYPE_STATE": "",
  "MODULE__XXTESTFUZZ_STATE": "",
  "MODULE__CTYPES_TEST_STATE": "",
  "MODULE_XXLIMITED_STATE": "",
  "MODULE_XXLIMITED_35_STATE": "",
  "TZPATH": "/usr/share/zoneinfo:/usr/lib/zoneinfo:/usr/share/lib/zoneinfo:/etc/zoneinfo",
  "INSTALL_MIMALLOC": "yes",
  "DIRMODE": 755,
  "EXEMODE": 755,
  "FILEMODE": 644,
  "CONFIG_ARGS": "'--build=aarch64-apple-darwin' '--host=x86_64-apple-darwin' '--prefix=/install' '--with-openssl=/var/folders/lf/wbx6llps6z37wkfpk85_942m0000gn/T/tmpyb9pde7n/tools/deps' '--with-system-expat' '--with-system-libmpdec' '--without-ensurepip' '--with-tail-call-interp' '--enable-shared' '--with-mimalloc' '--enable-optimizations' '--with-lto' '--with-build-python=/var/folders/lf/wbx6llps6z37wkfpk85_942m0000gn/T/tmpyb9pde7n/tools/host/bin/python3.14' 'ac_cv_lib_intl_textdomain=no' 'MACHDEP=darwin' 'ac_sys_system=Darwin' 'ac_sys_release=24.6.0' 'ac_cv_func_ptsname_r=no' 'ac_cv_func_explicit_bzero=no' '--with-dbmliborder=ndbm' 'cross_compiling=yes' 'ac_cv_buggy_getaddrinfo=no' 'ac_cv_file__dev_ptc=no' 'ac_cv_file__dev_ptmx=no' 'ac_cv_pthread=yes' 'build_alias=aarch64-apple-darwin' 'host_alias=x86_64-apple-darwin' 'PKG_CONFIG=pkg-config --static' 'PKG_CONFIG_PATH=/var/folders/lf/wbx6llps6z37wkfpk85_942m0000gn/T/tmpyb9pde7n/tools/deps/share/pkgconfig:/var/folders/lf/wbx6llps6z37wkfpk85_942m0000gn/T/tmpyb9pde7n/tools/deps/lib/pkgconfig' 'CC=clang' 'CFLAGS=-arch x86_64 -mmacosx-version-min=10.15 -Wno-nullability-completeness -Wno-expansion-to-defined -Wno-undef-prefix  -isysroot /Applications/Xcode_16.4.app/Contents/Developer/Platforms/MacOSX.platform/Developer/SDKs/MacOSX15.5.sdk -fPIC -I/var/folders/lf/wbx6llps6z37wkfpk85_942m0000gn/T/tmpyb9pde7n/tools/deps/include -I/var/folders/lf/wbx6llps6z37wkfpk85_942m0000gn/T/tmpyb9pde7n/tools/deps/include/ncursesw -I/var/folders/lf/wbx6llps6z37wkfpk85_942m0000gn/T/tmpyb9pde7n/tools/deps/include/uuid -Werror=unguarded-availability-new' 'LDFLAGS=-arch x86_64 -mmacosx-version-min=10.15 -isysroot /Applications/Xcode_16.4.app/Contents/Developer/Platforms/MacOSX.platform/Developer/SDKs/MacOSX15.5.sdk -L/var/folders/lf/wbx6llps6z37wkfpk85_942m0000gn/T/tmpyb9pde7n/tools/deps/lib -LModules/_hacl -Wl,-headerpad,40' 'CPPFLAGS=-arch x86_64 -mmacosx-version-min=10.15 -Wno-nullability-completeness -Wno-expansion-to-defined -Wno-undef-prefix  -isysroot /Applications/Xcode_16.4.app/Contents/Developer/Platforms/MacOSX.platform/Developer/SDKs/MacOSX15.5.sdk -fPIC -I/var/folders/lf/wbx6llps6z37wkfpk85_942m0000gn/T/tmpyb9pde7n/tools/deps/include -I/var/folders/lf/wbx6llps6z37wkfpk85_942m0000gn/T/tmpyb9pde7n/tools/deps/include/ncursesw -I/var/folders/lf/wbx6llps6z37wkfpk85_942m0000gn/T/tmpyb9pde7n/tools/deps/include/uuid -Werror=unguarded-availability-new' 'PROFILE_TASK=-m test --pgo'",
  "SRCDIRS": "Modules   Modules/_ctypes   Modules/_decimal   Modules/_decimal/libmpdec   Modules/_hacl   Modules/_io   Modules/_multiprocessing   Modules/_sqlite   Modules/_sre   Modules/_testcapi   Modules/_testinternalcapi   Modules/_testlimitedcapi   Modules/_xxtestfuzz   Modules/_zstd   Modules/cjkcodecs   Modules/expat   Objects   Objects/mimalloc   Objects/mimalloc/prim   Parser   Parser/tokenizer   Parser/lexer   Programs   Python   Python/frozen_modules",
  "SUBDIRSTOO": "Include Lib Misc",
  "CONFIGFILES": "configure configure.ac acconfig.h pyconfig.h.in Makefile.pre.in",
  "PY3LIBRARY": "",
  "DLLLIBRARY": "",
  "LDLIBRARYDIR": "",
  "PY_ENABLE_SHARED": 1,
  "STATIC_LIBPYTHON": 1,
  "LIBS": "-ldl  -framework CoreFoundation",
  "LIBM": "",
  "LIBC": "",
  "DLINCLDIR": ".",
  "DYNLOADFILE": "dynload_shlib.o",
  "MACHDEP_OBJS": "",
  "LIBOBJDIR": "Python/",
  "LIBOBJS": "",
  "HOSTRUNNER": "",
  "PYTHON_FOR_BUILD_DEPS": "",
  "PYTHON_FOR_FREEZE": "/var/folders/lf/wbx6llps6z37wkfpk85_942m0000gn/T/tmpyb9pde7n/tools/host/bin/python3.14",
  "BUILD_GNU_TYPE": "aarch64-apple-darwin",
  "HOST_GNU_TYPE": "x86_64-apple-darwin",
  "PROFILE_TASK": "-m test --pgo",
  "COVERAGE_LCOV_OPTIONS": "--rc lcov_branch_coverage=1",
  "BASEMODLIBS": "",
  "TESTPATH": "",
  "SITEPATH": "",
  "DESTPATH": "",
  "MODULE_OBJS": "\\",
  "IO_H": "Modules/_io/_iomodule.h",
  "IO_OBJS": "\\",
  "MIMALLOC_HEADERS": "\\",
  "PEGEN_OBJS": "\\",
  "TOKENIZER_OBJS": "\\",
  "PEGEN_HEADERS": "\\",
  "TOKENIZER_HEADERS": "\\",
  "POBJS": "\\",
  "PARSER_HEADERS": "\\",
  "PYTHON_OBJS": "\\",
  "OBJECT_OBJS": "\\",
  "LIBRARY_OBJS_OMIT_FROZEN": "\\",
  "LIBRARY_OBJS": "\\",
  "DTRACE_DEPS": "\\",
  "LIBMPDEC_OBJS": "\\",
  "LIBMPDEC_HEADERS": "\\",
  "LIBEXPAT_OBJS": "\\",
  "LIBEXPAT_HEADERS": "\\",
  "LIBHACL_MD5_OBJS": "\\",
  "LIBHACL_MD5_LIB_STATIC": "Modules/_hacl/libHacl_Hash_MD5.a",
  "LIBHACL_SHA1_OBJS": "\\",
  "LIBHACL_SHA1_LIB_STATIC": "Modules/_hacl/libHacl_Hash_SHA1.a",
  "LIBHACL_SHA2_OBJS": "\\",
  "LIBHACL_SHA2_LIB_STATIC": "Modules/_hacl/libHacl_Hash_SHA2.a",
  "LIBHACL_SHA3_OBJS": "\\",
  "LIBHACL_SHA3_LIB_STATIC": "Modules/_hacl/libHacl_Hash_SHA3.a",
  "LIBHACL_BLAKE2_SIMD128_OBJS": "",
  "LIBHACL_BLAKE2_SIMD256_OBJS": "",
  "LIBHACL_BLAKE2_OBJS": "\\",
  "LIBHACL_BLAKE2_LIB_STATIC": "Modules/_hacl/libHacl_Hash_BLAKE2.a",
  "LIBHACL_HMAC_OBJS": "\\",
  "LIBHACL_HMAC_LIB_STATIC": "Modules/_hacl/libHacl_HMAC.a",
  "LIBHACL_HEADERS": "\\",
  "LIBHACL_MD5_HEADERS": "\\",
  "LIBHACL_SHA1_HEADERS": "\\",
  "LIBHACL_SHA2_HEADERS": "\\",
  "LIBHACL_SHA3_HEADERS": "\\",
  "LIBHACL_BLAKE2_HEADERS": "\\",
  "LIBHACL_HMAC_HEADERS": "\\",
  "WEBEX2": "web_example_pyrepl_jspi",
  "PYTHON_HEADERS": "\\",
  "BOOTSTRAP_HEADERS": "\\",
  "FROZEN_FILES_IN": "\\",
  "FROZEN_FILES_OUT": "\\",
  "BYTESTR_DEPS": "\\",
  "UNICODE_DEPS": "\\",
  "TESTTIMEOUT": "",
  "QUICKTESTOPTS": "-x test_subprocess test_io \\",
  "XMLLIBSUBDIRS": "xml xml/dom xml/etree xml/parsers xml/sax",
  "LIBSUBDIRS": "asyncio \\",
  "TESTSUBDIRS": "idlelib/idle_test \\",
  "COMPILEALL_OPTS": "-j0",
  "TEST_MODULES": "yes",
  "JIT_DEPS": "\\",
  "MODULE_DEPS_STATIC": "Modules/config.c",
  "MODULE_PYEXPAT_DEPS": "",
  "MODULE__CTYPES_MALLOC_CLOSURE": "_ctypes/malloc_closure.c",
  "PURIFY": "",
  "PGO_PROF_USE_FLAG": "-fprofile-instr-use=\"$(shell pwd)/code.profclangd\"",
  "LLVM_PROF_MERGER": "/var/folders/lf/wbx6llps6z37wkfpk85_942m0000gn/T/tmpyb9pde7n/tools/llvm/bin/llvm-profdata merge -output=\"$(shell pwd)/code.profclangd\" \"$(shell pwd)\"/*.profclangr",
  "LLVM_PROF_FILE": "LLVM_PROFILE_FILE=\"$(shell pwd)/code-%p.profclangr\"",
  "INSTALL_PROGRAM": "/usr/bin/install -c",
  "INSTALL_SCRIPT": "/usr/bin/install -c",
  "INSTALL_DATA": "/usr/bin/install -c -m 644",
  "INSTALL_SHARED": "/usr/bin/install -c -m 755",
  "MAKESETUP": "./Modules/makesetup",
  "CONFIGURE_LDFLAGS_NODIST": "-flto=thin -Wl,-export_dynamic -Wl,-object_path_lto,\"$@\".lto -g",
  "CFLAGSFORSHARED": "",
  "exec_prefix": "/install",
  "host_prefix": "/install",
  "host_exec_prefix": "/install",
  "datarootdir": "/install/share",
  "BINDIR": "/install/bin",
  "LIBDIR": "/install/lib",
  "MANDIR": "/install/share/man",
  "INCLUDEDIR": "/install/include",
  "CONFINCLUDEDIR": "/install/include",
  "DISTFILES": "README.rst ChangeLog configure configure.ac acconfig.h pyconfig.h.in Makefile.pre.in",
  "SUBDIRS": "",
  "SHLIBS": "-ldl  -framework CoreFoundation",
  "PYTHON": "python",
  "BUILDPYTHON": "python.exe",
  "PYTHON_FOR_REGEN": "",
  "FREEZE_MODULE_BOOTSTRAP_DEPS": "./Programs/_freeze_module.py",
  "FREEZE_MODULE_DEPS": "./Programs/_freeze_module.py",
  "COVERAGE_INFO": "/private/var/folders/lf/wbx6llps6z37wkfpk85_942m0000gn/T/tmpyb9pde7n/Python-3.14.0/coverage.info",
  "COVERAGE_REPORT": "/private/var/folders/lf/wbx6llps6z37wkfpk85_942m0000gn/T/tmpyb9pde7n/Python-3.14.0/lcov-report",
  "MODULE__ASYNCIO_LDFLAGS": "",
  "LIBHACL_MD5_LIB_SHARED": "\\",
  "LIBHACL_SHA1_LIB_SHARED": "\\",
  "LIBHACL_SHA2_LIB_SHARED": "\\",
  "LIBHACL_SHA3_LIB_SHARED": "\\",
  "LIBHACL_BLAKE2_LIB_SHARED": "\\",
  "LIBHACL_HMAC_LIB_SHARED": "\\",
  "SRC_GDB_HOOKS": "./Tools/gdb/libpython.py",
  "EMSCRIPTEN_DIR": "./Tools/wasm/emscripten",
  "WEBEX_DIR": "./Tools/wasm/emscripten/web_example/",
  "EXTRATESTOPTS": "",
  "TESTOPTS": "",
  "BUILD_SCRIPTS_DIR": "build/scripts-3.14",
  "LIBPC": "/install/lib/pkgconfig",
  "MODULE__CURSES_DEPS": "./Include/py_curses.h",
  "MODULE__CURSES_PANEL_DEPS": "./Include/py_curses.h",
  "MODULE__DATETIME_DEPS": "./Include/datetime.h",
  "MODULE_CMATH_DEPS": "./Modules/_math.h",
  "MODULE_MATH_DEPS": "./Modules/_math.h",
  "MODULE__CTYPES_DEPS": "./Modules/_ctypes/ctypes.h",
  "MODULE__CTYPES_TEST_DEPS": "./Modules/_ctypes/_ctypes_test_generated.c.h",
  "MODULE__DECIMAL_DEPS": "./Modules/_decimal/docstrings.h",
  "MODULE__ELEMENTTREE_DEPS": "./Modules/pyexpat.c",
  "MODULE__HASHLIB_DEPS": "./Modules/hashlib.h",
  "MODULE__IO_DEPS": "./Modules/_io/_iomodule.h",
  "MODULE__MD5_LDEPS": "\\",
  "MODULE__SHA1_LDEPS": "\\",
  "MODULE__SHA2_LDEPS": "\\",
  "MODULE__SHA3_LDEPS": "\\",
  "MODULE__BLAKE2_LDEPS": "\\",
  "MODULE__HMAC_LDEPS": "\\",
  "MODULE__TESTINTERNALCAPI_DEPS": "./Modules/_testinternalcapi/parts.h",
  "MODULE__MULTIBYTECODEC_DEPS": "./Modules/cjkcodecs/multibytecodec.h",
  "LINKCC": "clang -pthread",
  "LDVERSION": "3.14",
  "PY_LDFLAGS": "-arch x86_64 -mmacosx-version-min=10.15 -isysroot /Applications/Xcode_16.4.app/Contents/Developer/Platforms/MacOSX.platform/Developer/SDKs/MacOSX15.5.sdk -L/var/folders/lf/wbx6llps6z37wkfpk85_942m0000gn/T/tmpyb9pde7n/tools/deps/lib -LModules/_hacl -Wl,-headerpad,40",
  "LDFLAGS": "-arch x86_64 -mmacosx-version-min=10.15 -isysroot /Applications/Xcode_16.4.app/Contents/Developer/Platforms/MacOSX.platform/Developer/SDKs/MacOSX15.5.sdk -L/var/folders/lf/wbx6llps6z37wkfpk85_942m0000gn/T/tmpyb9pde7n/tools/deps/lib -LModules/_hacl -Wl,-headerpad,40",
  "PY_LDFLAGS_NODIST": "-flto=thin -Wl,-export_dynamic -Wl,-object_path_lto,\"$@\".lto -g",
  "SCRIPTDIR": "/install/lib",
  "INCLUDEPY": "/install/include/python3.14",
  "CONFINCLUDEPY": "/install/include/python3.14",
  "LDSHARED": "clang -pthread -bundle -undefined dynamic_lookup -arch x86_64 -mmacosx-version-min=10.15 -isysroot /Applications/Xcode_16.4.app/Contents/Developer/Platforms/MacOSX.platform/Developer/SDKs/MacOSX15.5.sdk -L/var/folders/lf/wbx6llps6z37wkfpk85_942m0000gn/T/tmpyb9pde7n/tools/deps/lib -LModules/_hacl -Wl,-headerpad,40",
  "LDCXXSHARED": "clang++ -bundle -undefined dynamic_lookup -arch x86_64 -mmacosx-version-min=10.15 -isysroot /Applications/Xcode_16.4.app/Contents/Developer/Platforms/MacOSX.platform/Developer/SDKs/MacOSX15.5.sdk -L/var/folders/lf/wbx6llps6z37wkfpk85_942m0000gn/T/tmpyb9pde7n/tools/deps/lib -LModules/_hacl -Wl,-headerpad,40",
  "DISTDIRS": "Include Lib Misc Ext-dummy",
  "DIST": "README.rst ChangeLog configure configure.ac acconfig.h pyconfig.h.in Makefile.pre.in Include Lib Misc Ext-dummy",
  "LIBRARY": "libpython3.14.a",
  "LDLIBRARY": "libpython3.14.dylib",
  "BLDLIBRARY": "-L. -lpython3.14",
  "INSTSONAME": "libpython3.14.dylib",
  "SYSLIBS": "",
  "UPDATE_FILE": "./Tools/build/update_file.py",
  "FREEZE_MODULE_BOOTSTRAP": "/var/folders/lf/wbx6llps6z37wkfpk85_942m0000gn/T/tmpyb9pde7n/tools/host/bin/python3.14 ./Programs/_freeze_module.py",
  "FREEZE_MODULE": "/var/folders/lf/wbx6llps6z37wkfpk85_942m0000gn/T/tmpyb9pde7n/tools/host/bin/python3.14 ./Programs/_freeze_module.py",
  "COVERAGE_REPORT_OPTIONS": "--rc lcov_branch_coverage=1 --branch-coverage --title \"CPython 3.14 LCOV report [commit $(shell )]\"",
  "MODULE__BISECT_LDFLAGS": "",
  "SHAREDMODS": "Modules/_ctypes_test.cpython-314-darwin.so Modules/_tkinter.cpython-314-darwin.so",
  "LINK_PYTHON_OBJS": "-L. -lpython3.14",
  "ZIP_STDLIB": "python3.14.zip",
  "WEBEX2_DIR": "./Tools/wasm/emscripten/web_example_pyrepl_jspi/",
  "SCRIPT_IDLE": "build/scripts-3.14/idle3.14",
  "SCRIPT_PYDOC": "build/scripts-3.14/pydoc3.14",
  "MODULE_DEPS_SHARED": "Modules/config.c",
  "MODULE_UNICODEDATA_DEPS": "./Modules/unicodedata_db.h ./Modules/unicodename_db.h",
  "MODULE__TESTCAPI_DEPS": "./Modules/_testcapi/parts.h ./Modules/_testcapi/util.h",
  "CODECS_COMMON_HEADERS": "./Modules/cjkcodecs/multibytecodec.h ./Modules/cjkcodecs/cjkcodecs.h",
  "MODULE__CODECS_CN_DEPS": "./Modules/cjkcodecs/mappings_cn.h ./Modules/cjkcodecs/multibytecodec.h ./Modules/cjkcodecs/cjkcodecs.h",
  "MODULE__CODECS_HK_DEPS": "./Modules/cjkcodecs/mappings_hk.h  ./Modules/cjkcodecs/multibytecodec.h ./Modules/cjkcodecs/cjkcodecs.h",
  "MODULE__CODECS_KR_DEPS": "./Modules/cjkcodecs/mappings_kr.h ./Modules/cjkcodecs/multibytecodec.h ./Modules/cjkcodecs/cjkcodecs.h",
  "MODULE__CODECS_TW_DEPS": "./Modules/cjkcodecs/mappings_tw.h ./Modules/cjkcodecs/multibytecodec.h ./Modules/cjkcodecs/cjkcodecs.h",
  "PY_CORE_LDFLAGS": "-arch x86_64 -mmacosx-version-min=10.15 -isysroot /Applications/Xcode_16.4.app/Contents/Developer/Platforms/MacOSX.platform/Developer/SDKs/MacOSX15.5.sdk -L/var/folders/lf/wbx6llps6z37wkfpk85_942m0000gn/T/tmpyb9pde7n/tools/deps/lib -LModules/_hacl -Wl,-headerpad,40 -flto=thin -Wl,-export_dynamic -Wl,-object_path_lto,\"$@\".lto -g",
  "EXENAME": "/install/bin/python3.14",
  "BINLIBDEST": "/install/lib/python3.14",
  "BLDSHARED": "clang -pthread -bundle -undefined dynamic_lookup -arch x86_64 -mmacosx-version-min=10.15 -isysroot /Applications/Xcode_16.4.app/Contents/Developer/Platforms/MacOSX.platform/Developer/SDKs/MacOSX15.5.sdk -L/var/folders/lf/wbx6llps6z37wkfpk85_942m0000gn/T/tmpyb9pde7n/tools/deps/lib -LModules/_hacl -Wl,-headerpad,40",
  "DESTSHARED": "/install/lib/python3.14/lib-dynload",
  "MODULE__CODECS_CN_LDFLAGS": "",
  "COREPYTHONPATH": "",
  "MACHDESTLIB": "/install/lib/python3.14",
  "PARSER_OBJS": "\\ \\ \\ Parser/myreadline.o",
  "LIBPL": "/install/lib/python3.14/config-3.14-darwin",
  "MODULE__MD5_DEPS": "./Modules/hashlib.h \\ \\",
  "MODULE__SHA1_DEPS": "./Modules/hashlib.h \\ \\",
  "MODULE__SHA2_DEPS": "./Modules/hashlib.h \\ \\",
  "MODULE__SHA3_DEPS": "./Modules/hashlib.h \\ \\",
  "MODULE__BLAKE2_DEPS": "./Modules/hashlib.h \\ \\",
  "MODULE__HMAC_DEPS": "./Modules/hashlib.h \\ \\",
  "MODULE__TESTLIMITEDCAPI_DEPS": "./Modules/_testlimitedcapi/testcapi_long.h ./Modules/_testlimitedcapi/parts.h ./Modules/_testlimitedcapi/util.h",
  "MODULE__ZSTD_DEPS": "./Modules/_zstd/_zstdmodule.h ./Modules/_zstd/buffer.h ./Modules/_zstd/zstddict.h",
  "PY_CFLAGS_NODIST": "-flto=thin -std=c11 -Wextra -Wno-unused-parameter -Wno-missing-field-initializers -Wstrict-prototypes -Werror=implicit-function-declaration -fvisibility=hidden -Werror=unguarded-availability -fprofile-instr-use=/private/var/folders/lf/wbx6llps6z37wkfpk85_942m0000gn/T/tmpyb9pde7n/Python-3.14.0/code.profclangd -I./Include/internal -I./Include/internal/mimalloc",
  "PY_CPPFLAGS": "-I. -I./Include -arch x86_64 -mmacosx-version-min=10.15 -Wno-nullability-completeness -Wno-expansion-to-defined -Wno-undef-prefix  -isysroot /Applications/Xcode_16.4.app/Contents/Developer/Platforms/MacOSX.platform/Developer/SDKs/MacOSX15.5.sdk -fPIC -I/var/folders/lf/wbx6llps6z37wkfpk85_942m0000gn/T/tmpyb9pde7n/tools/deps/include -I/var/folders/lf/wbx6llps6z37wkfpk85_942m0000gn/T/tmpyb9pde7n/tools/deps/include/ncursesw -I/var/folders/lf/wbx6llps6z37wkfpk85_942m0000gn/T/tmpyb9pde7n/tools/deps/include/uuid -Werror=unguarded-availability-new",
  "CPPFLAGS": "-I. -I./Include -arch x86_64 -mmacosx-version-min=10.15 -Wno-nullability-completeness -Wno-expansion-to-defined -Wno-undef-prefix  -isysroot /Applications/Xcode_16.4.app/Contents/Developer/Platforms/MacOSX.platform/Developer/SDKs/MacOSX15.5.sdk -fPIC -I/var/folders/lf/wbx6llps6z37wkfpk85_942m0000gn/T/tmpyb9pde7n/tools/deps/include -I/var/folders/lf/wbx6llps6z37wkfpk85_942m0000gn/T/tmpyb9pde7n/tools/deps/include/ncursesw -I/var/folders/lf/wbx6llps6z37wkfpk85_942m0000gn/T/tmpyb9pde7n/tools/deps/include/uuid -Werror=unguarded-availability-new",
  "PY_LDFLAGS_NOLTO": "-arch x86_64 -mmacosx-version-min=10.15 -isysroot /Applications/Xcode_16.4.app/Contents/Developer/Platforms/MacOSX.platform/Developer/SDKs/MacOSX15.5.sdk -L/var/folders/lf/wbx6llps6z37wkfpk85_942m0000gn/T/tmpyb9pde7n/tools/deps/lib -LModules/_hacl -Wl,-headerpad,40 -flto=thin",
  "LIBDEST": "/install/lib/python3.14",
  "MODULE__CODECS_HK_LDFLAGS": "",
  "PYTHONPATH": "",
  "DESTLIB": "/install/lib/python3.14",
  "DESTDIRS": "/install /install/lib /install/lib/python3.14 /install/lib/python3.14/lib-dynload",
  "INCLDIRSTOMAKE": "/install/include /install/include /install/include/python3.14 /install/include/python3.14",
  "MODULE__SOCKET_DEPS": "./Modules/socketmodule.h ./Modules/addrinfo.h ./Modules/getaddrinfo.c ./Modules/getnameinfo.c",
  "MODULE__CODECS_ISO2022_DEPS": "./Modules/cjkcodecs/mappings_jisx0213_pair.h ./Modules/cjkcodecs/alg_jisx0201.h ./Modules/cjkcodecs/emu_jisx0213_2000.h ./Modules/cjkcodecs/multibytecodec.h ./Modules/cjkcodecs/cjkcodecs.h",
  "EXTRA_CFLAGS": "",
  "PY_CFLAGS": "-fno-strict-overflow -Wsign-compare -Wunreachable-code -DNDEBUG -g -O3 -Wall -arch x86_64 -mmacosx-version-min=10.15 -Wno-nullability-completeness -Wno-expansion-to-defined -Wno-undef-prefix  -isysroot /Applications/Xcode_16.4.app/Contents/Developer/Platforms/MacOSX.platform/Developer/SDKs/MacOSX15.5.sdk -fPIC -I/var/folders/lf/wbx6llps6z37wkfpk85_942m0000gn/T/tmpyb9pde7n/tools/deps/include -I/var/folders/lf/wbx6llps6z37wkfpk85_942m0000gn/T/tmpyb9pde7n/tools/deps/include/ncursesw -I/var/folders/lf/wbx6llps6z37wkfpk85_942m0000gn/T/tmpyb9pde7n/tools/deps/include/uuid -Werror=unguarded-availability-new",
  "CFLAGS": "-fno-strict-overflow -Wsign-compare -Wunreachable-code -DNDEBUG -g -O3 -Wall -arch x86_64 -mmacosx-version-min=10.15 -Wno-nullability-completeness -Wno-expansion-to-defined -Wno-undef-prefix  -isysroot /Applications/Xcode_16.4.app/Contents/Developer/Platforms/MacOSX.platform/Developer/SDKs/MacOSX15.5.sdk -fPIC -I/var/folders/lf/wbx6llps6z37wkfpk85_942m0000gn/T/tmpyb9pde7n/tools/deps/include -I/var/folders/lf/wbx6llps6z37wkfpk85_942m0000gn/T/tmpyb9pde7n/tools/deps/include/ncursesw -I/var/folders/lf/wbx6llps6z37wkfpk85_942m0000gn/T/tmpyb9pde7n/tools/deps/include/uuid -Werror=unguarded-availability-new",
  "LIBRARY_DEPS": "libpython3.14.a libpython3.14.dylib",
  "LINK_PYTHON_DEPS": "libpython3.14.a libpython3.14.dylib",
  "MODULE__CODECS_ISO2022_LDFLAGS": "",
  "MODULE__CODECS_JP_DEPS": "./Modules/cjkcodecs/mappings_jisx0213_pair.h ./Modules/cjkcodecs/alg_jisx0201.h ./Modules/cjkcodecs/emu_jisx0213_2000.h ./Modules/cjkcodecs/mappings_jp.h ./Modules/cjkcodecs/multibytecodec.h ./Modules/cjkcodecs/cjkcodecs.h",
  "PYTHON_FOR_BUILD": "_PYTHON_PROJECT_BASE=/private/var/folders/lf/wbx6llps6z37wkfpk85_942m0000gn/T/tmpyb9pde7n/Python-3.14.0 _PYTHON_HOST_PLATFORM=$(_PYTHON_HOST_PLATFORM) PYTHONPATH=./Lib _PYTHON_SYSCONFIGDATA_NAME=_sysconfigdata__darwin_darwin _PYTHON_SYSCONFIGDATA_PATH=$(shell test -f pybuilddir.txt && echo /private/var/folders/lf/wbx6llps6z37wkfpk85_942m0000gn/T/tmpyb9pde7n/Python-3.14.0/`cat pybuilddir.txt`) /var/folders/lf/wbx6llps6z37wkfpk85_942m0000gn/T/tmpyb9pde7n/tools/host/bin/python3.14",
  "MODULE__CODECS_JP_LDFLAGS": "",
  "MODULE__CODECS_KR_LDFLAGS": "",
  "TESTPYTHONOPTS": "",
  "TESTPYTHON": "DYLD_LIBRARY_PATH=/private/var/folders/lf/wbx6llps6z37wkfpk85_942m0000gn/T/tmpyb9pde7n/Python-3.14.0 _PYTHON_PROJECT_BASE=/private/var/folders/lf/wbx6llps6z37wkfpk85_942m0000gn/T/tmpyb9pde7n/Python-3.14.0 _PYTHON_HOST_PLATFORM=$(_PYTHON_HOST_PLATFORM) PYTHONPATH=./Lib _PYTHON_SYSCONFIGDATA_NAME=_sysconfigdata__darwin_darwin _PYTHON_SYSCONFIGDATA_PATH=$(shell test -f pybuilddir.txt && echo /private/var/folders/lf/wbx6llps6z37wkfpk85_942m0000gn/T/tmpyb9pde7n/Python-3.14.0/`cat pybuilddir.txt`) /var/folders/lf/wbx6llps6z37wkfpk85_942m0000gn/T/tmpyb9pde7n/tools/host/bin/python3.14",
  "TESTRUNNER": "DYLD_LIBRARY_PATH=/private/var/folders/lf/wbx6llps6z37wkfpk85_942m0000gn/T/tmpyb9pde7n/Python-3.14.0 _PYTHON_PROJECT_BASE=/private/var/folders/lf/wbx6llps6z37wkfpk85_942m0000gn/T/tmpyb9pde7n/Python-3.14.0 _PYTHON_HOST_PLATFORM=$(_PYTHON_HOST_PLATFORM) PYTHONPATH=./Lib _PYTHON_SYSCONFIGDATA_NAME=_sysconfigdata__darwin_darwin _PYTHON_SYSCONFIGDATA_PATH=$(shell test -f pybuilddir.txt && echo /private/var/folders/lf/wbx6llps6z37wkfpk85_942m0000gn/T/tmpyb9pde7n/Python-3.14.0/`cat pybuilddir.txt`) /var/folders/lf/wbx6llps6z37wkfpk85_942m0000gn/T/tmpyb9pde7n/tools/host/bin/python3.14 -m test",
  "MODULE__SSL_DEPS": "./Modules/_ssl.h ./Modules/_ssl/cert.c ./Modules/_ssl/debughelpers.c ./Modules/_ssl/misc.c ./Modules/_ssl_data_111.h ./Modules/_ssl_data_300.h ./Modules/socketmodule.h",
  "MODULE__SQLITE3_DEPS": "./Modules/_sqlite/connection.h ./Modules/_sqlite/cursor.h ./Modules/_sqlite/microprotocols.h ./Modules/_sqlite/module.h ./Modules/_sqlite/prepare_protocol.h ./Modules/_sqlite/row.h ./Modules/_sqlite/util.h",
  "PY_STDMODULE_CFLAGS": "-fno-strict-overflow -Wsign-compare -Wunreachable-code -DNDEBUG -g -O3 -Wall -arch x86_64 -mmacosx-version-min=10.15 -Wno-nullability-completeness -Wno-expansion-to-defined -Wno-undef-prefix  -isysroot /Applications/Xcode_16.4.app/Contents/Developer/Platforms/MacOSX.platform/Developer/SDKs/MacOSX15.5.sdk -fPIC -I/var/folders/lf/wbx6llps6z37wkfpk85_942m0000gn/T/tmpyb9pde7n/tools/deps/include -I/var/folders/lf/wbx6llps6z37wkfpk85_942m0000gn/T/tmpyb9pde7n/tools/deps/include/ncursesw -I/var/folders/lf/wbx6llps6z37wkfpk85_942m0000gn/T/tmpyb9pde7n/tools/deps/include/uuid -Werror=unguarded-availability-new -flto=thin -std=c11 -Wextra -Wno-unused-parameter -Wno-missing-field-initializers -Wstrict-prototypes -Werror=implicit-function-declaration -fvisibility=hidden -Werror=unguarded-availability -fprofile-instr-use=/private/var/folders/lf/wbx6llps6z37wkfpk85_942m0000gn/T/tmpyb9pde7n/Python-3.14.0/code.profclangd -I./Include/internal -I./Include/internal/mimalloc -I. -I./Include -arch x86_64 -mmacosx-version-min=10.15 -Wno-nullability-completeness -Wno-expansion-to-defined -Wno-undef-prefix  -isysroot /Applications/Xcode_16.4.app/Contents/Developer/Platforms/MacOSX.platform/Developer/SDKs/MacOSX15.5.sdk -fPIC -I/var/folders/lf/wbx6llps6z37wkfpk85_942m0000gn/T/tmpyb9pde7n/tools/deps/include -I/var/folders/lf/wbx6llps6z37wkfpk85_942m0000gn/T/tmpyb9pde7n/tools/deps/include/ncursesw -I/var/folders/lf/wbx6llps6z37wkfpk85_942m0000gn/T/tmpyb9pde7n/tools/deps/include/uuid -Werror=unguarded-availability-new",
  "PY_BUILTIN_MODULE_CFLAGS": "-fno-strict-overflow -Wsign-compare -Wunreachable-code -DNDEBUG -g -O3 -Wall -arch x86_64 -mmacosx-version-min=10.15 -Wno-nullability-completeness -Wno-expansion-to-defined -Wno-undef-prefix  -isysroot /Applications/Xcode_16.4.app/Contents/Developer/Platforms/MacOSX.platform/Developer/SDKs/MacOSX15.5.sdk -fPIC -I/var/folders/lf/wbx6llps6z37wkfpk85_942m0000gn/T/tmpyb9pde7n/tools/deps/include -I/var/folders/lf/wbx6llps6z37wkfpk85_942m0000gn/T/tmpyb9pde7n/tools/deps/include/ncursesw -I/var/folders/lf/wbx6llps6z37wkfpk85_942m0000gn/T/tmpyb9pde7n/tools/deps/include/uuid -Werror=unguarded-availability-new -flto=thin -std=c11 -Wextra -Wno-unused-parameter -Wno-missing-field-initializers -Wstrict-prototypes -Werror=implicit-function-declaration -fvisibility=hidden -Werror=unguarded-availability -fprofile-instr-use=/private/var/folders/lf/wbx6llps6z37wkfpk85_942m0000gn/T/tmpyb9pde7n/Python-3.14.0/code.profclangd -I./Include/internal -I./Include/internal/mimalloc -I. -I./Include -arch x86_64 -mmacosx-version-min=10.15 -Wno-nullability-completeness -Wno-expansion-to-defined -Wno-undef-prefix  -isysroot /Applications/Xcode_16.4.app/Contents/Developer/Platforms/MacOSX.platform/Developer/SDKs/MacOSX15.5.sdk -fPIC -I/var/folders/lf/wbx6llps6z37wkfpk85_942m0000gn/T/tmpyb9pde7n/tools/deps/include -I/var/folders/lf/wbx6llps6z37wkfpk85_942m0000gn/T/tmpyb9pde7n/tools/deps/include/ncursesw -I/var/folders/lf/wbx6llps6z37wkfpk85_942m0000gn/T/tmpyb9pde7n/tools/deps/include/uuid -Werror=unguarded-availability-new -DPy_BUILD_CORE_BUILTIN",
  "PY_CORE_CFLAGS": "-fno-strict-overflow -Wsign-compare -Wunreachable-code -DNDEBUG -g -O3 -Wall -arch x86_64 -mmacosx-version-min=10.15 -Wno-nullability-completeness -Wno-expansion-to-defined -Wno-undef-prefix  -isysroot /Applications/Xcode_16.4.app/Contents/Developer/Platforms/MacOSX.platform/Developer/SDKs/MacOSX15.5.sdk -fPIC -I/var/folders/lf/wbx6llps6z37wkfpk85_942m0000gn/T/tmpyb9pde7n/tools/deps/include -I/var/folders/lf/wbx6llps6z37wkfpk85_942m0000gn/T/tmpyb9pde7n/tools/deps/include/ncursesw -I/var/folders/lf/wbx6llps6z37wkfpk85_942m0000gn/T/tmpyb9pde7n/tools/deps/include/uuid -Werror=unguarded-availability-new -flto=thin -std=c11 -Wextra -Wno-unused-parameter -Wno-missing-field-initializers -Wstrict-prototypes -Werror=implicit-function-declaration -fvisibility=hidden -Werror=unguarded-availability -fprofile-instr-use=/private/var/folders/lf/wbx6llps6z37wkfpk85_942m0000gn/T/tmpyb9pde7n/Python-3.14.0/code.profclangd -I./Include/internal -I./Include/internal/mimalloc -I. -I./Include -arch x86_64 -mmacosx-version-min=10.15 -Wno-nullability-completeness -Wno-expansion-to-defined -Wno-undef-prefix  -isysroot /Applications/Xcode_16.4.app/Contents/Developer/Platforms/MacOSX.platform/Developer/SDKs/MacOSX15.5.sdk -fPIC -I/var/folders/lf/wbx6llps6z37wkfpk85_942m0000gn/T/tmpyb9pde7n/tools/deps/include -I/var/folders/lf/wbx6llps6z37wkfpk85_942m0000gn/T/tmpyb9pde7n/tools/deps/include/ncursesw -I/var/folders/lf/wbx6llps6z37wkfpk85_942m0000gn/T/tmpyb9pde7n/tools/deps/include/uuid -Werror=unguarded-availability-new -DPy_BUILD_CORE",
  "MODULE__CODECS_TW_LDFLAGS": "",
  "LIBHACL_CFLAGS": "-I./Modules/_hacl -I./Modules/_hacl/include -D_BSD_SOURCE -D_DEFAULT_SOURCE -fno-strict-overflow -Wsign-compare -Wunreachable-code -DNDEBUG -g -O3 -Wall -arch x86_64 -mmacosx-version-min=10.15 -Wno-nullability-completeness -Wno-expansion-to-defined -Wno-undef-prefix  -isysroot /Applications/Xcode_16.4.app/Contents/Developer/Platforms/MacOSX.platform/Developer/SDKs/MacOSX15.5.sdk -fPIC -I/var/folders/lf/wbx6llps6z37wkfpk85_942m0000gn/T/tmpyb9pde7n/tools/deps/include -I/var/folders/lf/wbx6llps6z37wkfpk85_942m0000gn/T/tmpyb9pde7n/tools/deps/include/ncursesw -I/var/folders/lf/wbx6llps6z37wkfpk85_942m0000gn/T/tmpyb9pde7n/tools/deps/include/uuid -Werror=unguarded-availability-new -flto=thin -std=c11 -Wextra -Wno-unused-parameter -Wno-missing-field-initializers -Wstrict-prototypes -Werror=implicit-function-declaration -fvisibility=hidden -Werror=unguarded-availability -fprofile-instr-use=/private/var/folders/lf/wbx6llps6z37wkfpk85_942m0000gn/T/tmpyb9pde7n/Python-3.14.0/code.profclangd -I./Include/internal -I./Include/internal/mimalloc -I. -I./Include -arch x86_64 -mmacosx-version-min=10.15 -Wno-nullability-completeness -Wno-expansion-to-defined -Wno-undef-prefix  -isysroot /Applications/Xcode_16.4.app/Contents/Developer/Platforms/MacOSX.platform/Developer/SDKs/MacOSX15.5.sdk -fPIC -I/var/folders/lf/wbx6llps6z37wkfpk85_942m0000gn/T/tmpyb9pde7n/tools/deps/include -I/var/folders/lf/wbx6llps6z37wkfpk85_942m0000gn/T/tmpyb9pde7n/tools/deps/include/ncursesw -I/var/folders/lf/wbx6llps6z37wkfpk85_942m0000gn/T/tmpyb9pde7n/tools/deps/include/uuid -Werror=unguarded-availability-new",
  "MODULE__CSV_LDFLAGS": "",
  "LIBMPDEC_CFLAGS": "-fno-strict-overflow -Wsign-compare -Wunreachable-code -DNDEBUG -g -O3 -Wall -arch x86_64 -mmacosx-version-min=10.15 -Wno-nullability-completeness -Wno-expansion-to-defined -Wno-undef-prefix  -isysroot /Applications/Xcode_16.4.app/Contents/Developer/Platforms/MacOSX.platform/Developer/SDKs/MacOSX15.5.sdk -fPIC -I/var/folders/lf/wbx6llps6z37wkfpk85_942m0000gn/T/tmpyb9pde7n/tools/deps/include -I/var/folders/lf/wbx6llps6z37wkfpk85_942m0000gn/T/tmpyb9pde7n/tools/deps/include/ncursesw -I/var/folders/lf/wbx6llps6z37wkfpk85_942m0000gn/T/tmpyb9pde7n/tools/deps/include/uuid -Werror=unguarded-availability-new -flto=thin -std=c11 -Wextra -Wno-unused-parameter -Wno-missing-field-initializers -Wstrict-prototypes -Werror=implicit-function-declaration -fvisibility=hidden -Werror=unguarded-availability -fprofile-instr-use=/private/var/folders/lf/wbx6llps6z37wkfpk85_942m0000gn/T/tmpyb9pde7n/Python-3.14.0/code.profclangd -I./Include/internal -I./Include/internal/mimalloc -I. -I./Include -arch x86_64 -mmacosx-version-min=10.15 -Wno-nullability-completeness -Wno-expansion-to-defined -Wno-undef-prefix  -isysroot /Applications/Xcode_16.4.app/Contents/Developer/Platforms/MacOSX.platform/Developer/SDKs/MacOSX15.5.sdk -fPIC -I/var/folders/lf/wbx6llps6z37wkfpk85_942m0000gn/T/tmpyb9pde7n/tools/deps/include -I/var/folders/lf/wbx6llps6z37wkfpk85_942m0000gn/T/tmpyb9pde7n/tools/deps/include/ncursesw -I/var/folders/lf/wbx6llps6z37wkfpk85_942m0000gn/T/tmpyb9pde7n/tools/deps/include/uuid -Werror=unguarded-availability-new",
  "LIBEXPAT_CFLAGS": "-fno-strict-overflow -Wsign-compare -Wunreachable-code -DNDEBUG -g -O3 -Wall -arch x86_64 -mmacosx-version-min=10.15 -Wno-nullability-completeness -Wno-expansion-to-defined -Wno-undef-prefix  -isysroot /Applications/Xcode_16.4.app/Contents/Developer/Platforms/MacOSX.platform/Developer/SDKs/MacOSX15.5.sdk -fPIC -I/var/folders/lf/wbx6llps6z37wkfpk85_942m0000gn/T/tmpyb9pde7n/tools/deps/include -I/var/folders/lf/wbx6llps6z37wkfpk85_942m0000gn/T/tmpyb9pde7n/tools/deps/include/ncursesw -I/var/folders/lf/wbx6llps6z37wkfpk85_942m0000gn/T/tmpyb9pde7n/tools/deps/include/uuid -Werror=unguarded-availability-new -flto=thin -std=c11 -Wextra -Wno-unused-parameter -Wno-missing-field-initializers -Wstrict-prototypes -Werror=implicit-function-declaration -fvisibility=hidden -Werror=unguarded-availability -fprofile-instr-use=/private/var/folders/lf/wbx6llps6z37wkfpk85_942m0000gn/T/tmpyb9pde7n/Python-3.14.0/code.profclangd -I./Include/internal -I./Include/internal/mimalloc -I. -I./Include -arch x86_64 -mmacosx-version-min=10.15 -Wno-nullability-completeness -Wno-expansion-to-defined -Wno-undef-prefix  -isysroot /Applications/Xcode_16.4.app/Contents/Developer/Platforms/MacOSX.platform/Developer/SDKs/MacOSX15.5.sdk -fPIC -I/var/folders/lf/wbx6llps6z37wkfpk85_942m0000gn/T/tmpyb9pde7n/tools/deps/include -I/var/folders/lf/wbx6llps6z37wkfpk85_942m0000gn/T/tmpyb9pde7n/tools/deps/include/ncursesw -I/var/folders/lf/wbx6llps6z37wkfpk85_942m0000gn/T/tmpyb9pde7n/tools/deps/include/uuid -Werror=unguarded-availability-new",
  "MODULE__DATETIME_LDFLAGS": "",
  "MODULE__HEAPQ_LDFLAGS": "",
  "MODULE__INTERPCHANNELS_LDFLAGS": "",
  "MODULE__INTERPQUEUES_LDFLAGS": "",
  "MODULE__INTERPRETERS_LDFLAGS": "",
  "MODULE__JSON_LDFLAGS": "",
  "MODULE__LSPROF_LDFLAGS": "",
  "MODULE__MULTIBYTECODEC_LDFLAGS": "",
  "MODULE__MULTIPROCESSING_LDFLAGS": "",
  "MODULE__OPCODE_LDFLAGS": "",
  "MODULE__PICKLE_LDFLAGS": "",
  "MODULE__POSIXSUBPROCESS_LDFLAGS": "",
  "MODULE__QUEUE_LDFLAGS": "",
  "MODULE__RANDOM_LDFLAGS": "",
  "MODULE__REMOTE_DEBUGGING_LDFLAGS": "",
  "MODULE__SOCKET_LDFLAGS": "",
  "MODULE__STATISTICS_LDFLAGS": "",
  "MODULE__STRUCT_LDFLAGS": "",
  "MODULE__SUGGESTIONS_LDFLAGS": "",
  "MODULE__SYSCONFIG_LDFLAGS": "",
  "MODULE__TESTBUFFER_LDFLAGS": "",
  "MODULE__TESTIMPORTMULTIPLE_LDFLAGS": "",
  "MODULE__TESTMULTIPHASE_LDFLAGS": "",
  "MODULE__TESTSINGLEPHASE_LDFLAGS": "",
  "MODULE__TYPES_LDFLAGS": "",
  "MODULE__TYPING_LDFLAGS": "",
  "MODULE__XXTESTFUZZ_LDFLAGS": "",
  "MODULE__ZONEINFO_LDFLAGS": "",
  "MODULE_ARRAY_LDFLAGS": "",
  "MODULE_BINASCII_LDFLAGS": "",
  "MODULE_FCNTL_LDFLAGS": "",
  "MODULE_GRP_LDFLAGS": "",
  "MODULE_MMAP_LDFLAGS": "",
  "MODULE_RESOURCE_LDFLAGS": "",
  "MODULE_SELECT_LDFLAGS": "",
  "MODULE_SYSLOG_LDFLAGS": "",
  "MODULE_TERMIOS_LDFLAGS": "",
  "MODULE_UNICODEDATA_LDFLAGS": "",
  "MODULE_XXSUBTYPE_LDFLAGS": "",
  "MODULE_ATEXIT_LDFLAGS": "",
  "MODULE_FAULTHANDLER_LDFLAGS": "",
  "MODULE_POSIX_LDFLAGS": "",
  "MODULE__SIGNAL_LDFLAGS": "",
  "MODULE__TRACEMALLOC_LDFLAGS": "",
  "MODULE__CODECS_LDFLAGS": "",
  "MODULE__COLLECTIONS_LDFLAGS": "",
  "MODULE_ERRNO_LDFLAGS": "",
  "MODULE__IO_LDFLAGS": "",
  "MODULE_ITERTOOLS_LDFLAGS": "",
  "MODULE__SRE_LDFLAGS": "",
  "MODULE__THREAD_LDFLAGS": "",
  "MODULE_TIME_LDFLAGS": "",
  "MODULE__WEAKREF_LDFLAGS": "",
  "MODULE__ABC_LDFLAGS": "",
  "MODULE__FUNCTOOLS_LDFLAGS": "",
  "MODULE__LOCALE_LDFLAGS": "",
  "MODULE__OPERATOR_LDFLAGS": "",
  "MODULE__STAT_LDFLAGS": "",
  "MODULE__SYMTABLE_LDFLAGS": "",
  "MODULE_PWD_LDFLAGS": "",
  "LOCALMODLIBS": "-Xlinker -hidden-lbz2         -Xlinker -hidden-lffi -Xlinker -hidden-ldl  -Xlinker -hidden-lncurses  -Xlinker -hidden-lpanel -Xlinker -hidden-lncurses    -Xlinker -hidden-lmpdec  -Xlinker -hidden-lexpat  -Xlinker -hidden-lcrypto         -Xlinker -hidden-llzma            -framework CoreFoundation -framework SystemConfiguration      -Xlinker -hidden-lsqlite3  -Xlinker -hidden-lssl -Xlinker -hidden-lcrypto             -Xlinker -hidden-luuid    -Xlinker -hidden-lzstd    -Xlinker -hidden-lm    -Xlinker -hidden-lm   -Xlinker -hidden-lexpat  -Xlinker -hidden-ledit -Xlinker -hidden-lncurses        -Xlinker -hidden-lz",
  "MODLIBS": "-Xlinker -hidden-lbz2         -Xlinker -hidden-lffi -Xlinker -hidden-ldl  -Xlinker -hidden-lncurses  -Xlinker -hidden-lpanel -Xlinker -hidden-lncurses    -Xlinker -hidden-lmpdec  -Xlinker -hidden-lexpat  -Xlinker -hidden-lcrypto         -Xlinker -hidden-llzma            -framework CoreFoundation -framework SystemConfiguration      -Xlinker -hidden-lsqlite3  -Xlinker -hidden-lssl -Xlinker -hidden-lcrypto             -Xlinker -hidden-luuid    -Xlinker -hidden-lzstd    -Xlinker -hidden-lm    -Xlinker -hidden-lm   -Xlinker -hidden-lexpat  -Xlinker -hidden-ledit -Xlinker -hidden-lncurses        -Xlinker -hidden-lz",
  "AC_APPLE_UNIVERSAL_BUILD": 0,
  "AIX_BUILDDATE": 0,
  "AIX_GENUINE_CPLUSPLUS": 0,
  "ALIGNOF_LONG": 8,
  "ALIGNOF_MAX_ALIGN_T": 16,
  "ALIGNOF_SIZE_T": 8,
  "ALT_SOABI": 0,
  "ANDROID_API_LEVEL": 0,
  "DOUBLE_IS_ARM_MIXED_ENDIAN_IEEE754": 0,
  "DOUBLE_IS_BIG_ENDIAN_IEEE754": 0,
  "DOUBLE_IS_LITTLE_ENDIAN_IEEE754": 1,
  "ENABLE_IPV6": 1,
  "GETPGRP_HAVE_ARG": 0,
  "HAVE_ACCEPT": 1,
  "HAVE_ACCEPT4": 0,
  "HAVE_ACOSH": 1,
  "HAVE_ADDRINFO": 1,
  "HAVE_ALARM": 1,
  "HAVE_ALIGNED_REQUIRED": 1,
  "HAVE_ALLOCA_H": 1,
  "HAVE_ALTZONE": 0,
  "HAVE_ASINH": 1,
  "HAVE_ASM_TYPES_H": 0,
  "HAVE_ATANH": 1,
  "HAVE_BACKTRACE": 1,
  "HAVE_BIND": 1,
  "HAVE_BIND_TEXTDOMAIN_CODESET": 0,
  "HAVE_BLUETOOTH_BLUETOOTH_H": 0,
  "HAVE_BLUETOOTH_H": 0,
  "HAVE_BROKEN_MBSTOWCS": 0,
  "HAVE_BROKEN_NICE": 0,
  "HAVE_BROKEN_PIPE_BUF": 0,
  "HAVE_BROKEN_POLL": 0,
  "HAVE_BROKEN_POSIX_SEMAPHORES": 0,
  "HAVE_BROKEN_PTHREAD_SIGMASK": 0,
  "HAVE_BROKEN_SEM_GETVALUE": 1,
  "HAVE_BROKEN_UNSETENV": 0,
  "HAVE_BUILTIN_ATOMIC": 1,
  "HAVE_BZLIB_H": 1,
  "HAVE_CHFLAGS": 1,
  "HAVE_CHMOD": 1,
  "HAVE_CHOWN": 1,
  "HAVE_CHROOT": 1,
  "HAVE_CLOCK": 1,
  "HAVE_CLOCK_GETRES": 1,
  "HAVE_CLOCK_GETTIME": 1,
  "HAVE_CLOCK_NANOSLEEP": 0,
  "HAVE_CLOCK_SETTIME": 1,
  "HAVE_CLOCK_T": 1,
  "HAVE_CLOSEFROM": 0,
  "HAVE_CLOSE_RANGE": 0,
  "HAVE_COMPUTED_GOTOS": 0,
  "HAVE_CONFSTR": 1,
  "HAVE_CONIO_H": 0,
  "HAVE_CONNECT": 1,
  "HAVE_COPY_FILE_RANGE": 0,
  "HAVE_CTERMID": 1,
  "HAVE_CTERMID_R": 1,
  "HAVE_CURSES_FILTER": 1,
  "HAVE_CURSES_H": 1,
  "HAVE_CURSES_HAS_KEY": 1,
  "HAVE_CURSES_IMMEDOK": 1,
  "HAVE_CURSES_IS_PAD": 1,
  "HAVE_CURSES_IS_TERM_RESIZED": 1,
  "HAVE_CURSES_RESIZETERM": 1,
  "HAVE_CURSES_RESIZE_TERM": 1,
  "HAVE_CURSES_SYNCOK": 1,
  "HAVE_CURSES_TYPEAHEAD": 1,
  "HAVE_CURSES_USE_ENV": 1,
  "HAVE_CURSES_WCHGAT": 1,
  "HAVE_DB_H": 1,
  "HAVE_DECL_RTLD_DEEPBIND": 0,
  "HAVE_DECL_RTLD_GLOBAL": 1,
  "HAVE_DECL_RTLD_LAZY": 1,
  "HAVE_DECL_RTLD_LOCAL": 1,
  "HAVE_DECL_RTLD_MEMBER": 0,
  "HAVE_DECL_RTLD_NODELETE": 1,
  "HAVE_DECL_RTLD_NOLOAD": 1,
  "HAVE_DECL_RTLD_NOW": 1,
  "HAVE_DECL_TZNAME": 0,
  "HAVE_DECL_UT_NAMESIZE": 1,
  "HAVE_DEVICE_MACROS": 1,
  "HAVE_DEV_PTC": 0,
  "HAVE_DEV_PTMX": 0,
  "HAVE_DIRECT_H": 0,
  "HAVE_DIRENT_D_TYPE": 1,
  "HAVE_DIRENT_H": 1,
  "HAVE_DIRFD": 1,
  "HAVE_DLADDR": 1,
  "HAVE_DLADDR1": 0,
  "HAVE_DLFCN_H": 1,
  "HAVE_DLOPEN": 1,
  "HAVE_DUP": 1,
  "HAVE_DUP2": 1,
  "HAVE_DUP3": 0,
  "HAVE_DYLD_SHARED_CACHE_CONTAINS_PATH": 0,
  "HAVE_DYNAMIC_LOADING": 1,
  "HAVE_EDITLINE_READLINE_H": 0,
  "HAVE_ENDIAN_H": 0,
  "HAVE_EPOLL": 0,
  "HAVE_EPOLL_CREATE1": 0,
  "HAVE_ERF": 1,
  "HAVE_ERFC": 1,
  "HAVE_ERRNO_H": 1,
  "HAVE_EVENTFD": 0,
  "HAVE_EXECINFO_H": 1,
  "HAVE_EXECV": 1,
  "HAVE_EXPLICIT_BZERO": 0,
  "HAVE_EXPLICIT_MEMSET": 0,
  "HAVE_EXPM1": 1,
  "HAVE_FACCESSAT": 1,
  "HAVE_FCHDIR": 1,
  "HAVE_FCHMOD": 1,
  "HAVE_FCHMODAT": 1,
  "HAVE_FCHOWN": 1,
  "HAVE_FCHOWNAT": 1,
  "HAVE_FCNTL_H": 1,
  "HAVE_FDATASYNC": 0,
  "HAVE_FDOPENDIR": 1,
  "HAVE_FDWALK": 0,
  "HAVE_FEXECVE": 0,
  "HAVE_FFI_CLOSURE_ALLOC": 1,
  "HAVE_FFI_PREP_CIF_VAR": 1,
  "HAVE_FFI_PREP_CLOSURE_LOC": 1,
  "HAVE_FLOCK": 1,
  "HAVE_FORK": 1,
  "HAVE_FORK1": 0,
  "HAVE_FORKPTY": 1,
  "HAVE_FPATHCONF": 1,
  "HAVE_FSEEK64": 0,
  "HAVE_FSEEKO": 1,
  "HAVE_FSTATAT": 1,
  "HAVE_FSTATVFS": 1,
  "HAVE_FSYNC": 1,
  "HAVE_FTELL64": 0,
  "HAVE_FTELLO": 1,
  "HAVE_FTIME": 1,
  "HAVE_FTRUNCATE": 1,
  "HAVE_FUTIMENS": 1,
  "HAVE_FUTIMES": 1,
  "HAVE_FUTIMESAT": 0,
  "HAVE_GAI_STRERROR": 1,
  "HAVE_GCC_ASM_FOR_MC68881": 0,
  "HAVE_GCC_ASM_FOR_X64": 1,
  "HAVE_GCC_ASM_FOR_X87": 1,
  "HAVE_GCC_UINT128_T": 1,
  "HAVE_GDBM_DASH_NDBM_H": 0,
  "HAVE_GDBM_H": 0,
  "HAVE_GDBM_NDBM_H": 0,
  "HAVE_GETADDRINFO": 1,
  "HAVE_GETC_UNLOCKED": 1,
  "HAVE_GETEGID": 1,
  "HAVE_GETENTROPY": 1,
  "HAVE_GETEUID": 1,
  "HAVE_GETGID": 1,
  "HAVE_GETGRENT": 1,
  "HAVE_GETGRGID": 1,
  "HAVE_GETGRGID_R": 1,
  "HAVE_GETGRNAM_R": 1,
  "HAVE_GETGROUPLIST": 1,
  "HAVE_GETGROUPS": 1,
  "HAVE_GETHOSTBYADDR": 1,
  "HAVE_GETHOSTBYNAME": 1,
  "HAVE_GETHOSTBYNAME_R": 0,
  "HAVE_GETHOSTBYNAME_R_3_ARG": 0,
  "HAVE_GETHOSTBYNAME_R_5_ARG": 0,
  "HAVE_GETHOSTBYNAME_R_6_ARG": 0,
  "HAVE_GETHOSTNAME": 1,
  "HAVE_GETITIMER": 1,
  "HAVE_GETLOADAVG": 1,
  "HAVE_GETLOGIN": 1,
  "HAVE_GETLOGIN_R": 1,
  "HAVE_GETNAMEINFO": 1,
  "HAVE_GETPAGESIZE": 1,
  "HAVE_GETPEERNAME": 1,
  "HAVE_GETPGID": 1,
  "HAVE_GETPGRP": 1,
  "HAVE_GETPID": 1,
  "HAVE_GETPPID": 1,
  "HAVE_GETPRIORITY": 1,
  "HAVE_GETPROTOBYNAME": 1,
  "HAVE_GETPWENT": 1,
  "HAVE_GETPWNAM_R": 1,
  "HAVE_GETPWUID": 1,
  "HAVE_GETPWUID_R": 1,
  "HAVE_GETRANDOM": 0,
  "HAVE_GETRANDOM_SYSCALL": 0,
  "HAVE_GETRESGID": 0,
  "HAVE_GETRESUID": 0,
  "HAVE_GETRUSAGE": 1,
  "HAVE_GETSERVBYNAME": 1,
  "HAVE_GETSERVBYPORT": 1,
  "HAVE_GETSID": 1,
  "HAVE_GETSOCKNAME": 1,
  "HAVE_GETSPENT": 0,
  "HAVE_GETSPNAM": 0,
  "HAVE_GETUID": 1,
  "HAVE_GETWD": 1,
  "HAVE_GLIBC_MEMMOVE_BUG": 0,
  "HAVE_GRANTPT": 1,
  "HAVE_GRP_H": 1,
  "HAVE_HSTRERROR": 1,
  "HAVE_HTOLE64": 0,
  "HAVE_IF_NAMEINDEX": 1,
  "HAVE_INET_ATON": 1,
  "HAVE_INET_NTOA": 1,
  "HAVE_INET_PTON": 1,
  "HAVE_INITGROUPS": 1,
  "HAVE_INTTYPES_H": 1,
  "HAVE_IO_H": 0,
  "HAVE_IPA_PURE_CONST_BUG": 0,
  "HAVE_KILL": 1,
  "HAVE_KILLPG": 1,
  "HAVE_KQUEUE": 1,
  "HAVE_LANGINFO_H": 1,
  "HAVE_LARGEFILE_SUPPORT": 0,
  "HAVE_LCHFLAGS": 1,
  "HAVE_LCHMOD": 1,
  "HAVE_LCHOWN": 1,
  "HAVE_LIBDB": 0,
  "HAVE_LIBDL": 1,
  "HAVE_LIBDLD": 0,
  "HAVE_LIBIEEE": 0,
  "HAVE_LIBINTL_H": 0,
  "HAVE_LIBSENDFILE": 0,
  "HAVE_LIBSQLITE3": 1,
  "HAVE_LIBUTIL_H": 0,
  "HAVE_LINK": 1,
  "HAVE_LINKAT": 1,
  "HAVE_LINK_H": 0,
  "HAVE_LINUX_AUXVEC_H": 0,
  "HAVE_LINUX_CAN_BCM_H": 0,
  "HAVE_LINUX_CAN_H": 0,
  "HAVE_LINUX_CAN_J1939_H": 0,
  "HAVE_LINUX_CAN_RAW_FD_FRAMES": 0,
  "HAVE_LINUX_CAN_RAW_H": 0,
  "HAVE_LINUX_CAN_RAW_JOIN_FILTERS": 0,
  "HAVE_LINUX_FS_H": 0,
  "HAVE_LINUX_LIMITS_H": 0,
  "HAVE_LINUX_MEMFD_H": 0,
  "HAVE_LINUX_NETFILTER_IPV4_H": 0,
  "HAVE_LINUX_NETLINK_H": 0,
  "HAVE_LINUX_QRTR_H": 0,
  "HAVE_LINUX_RANDOM_H": 0,
  "HAVE_LINUX_SCHED_H": 0,
  "HAVE_LINUX_SOUNDCARD_H": 0,
  "HAVE_LINUX_TIPC_H": 0,
  "HAVE_LINUX_VM_SOCKETS_H": 0,
  "HAVE_LINUX_WAIT_H": 0,
  "HAVE_LISTEN": 1,
  "HAVE_LOCKF": 1,
  "HAVE_LOG1P": 1,
  "HAVE_LOG2": 1,
  "HAVE_LOGIN_TTY": 1,
  "HAVE_LONG_DOUBLE": 1,
  "HAVE_LSTAT": 1,
  "HAVE_LUTIMES": 1,
  "HAVE_LZMA_H": 1,
  "HAVE_MADVISE": 1,
  "HAVE_MAKEDEV": 1,
  "HAVE_MAXLOGNAME": 1,
  "HAVE_MBRTOWC": 1,
  "HAVE_MEMFD_CREATE": 0,
  "HAVE_MEMRCHR": 0,
  "HAVE_MINIX_CONFIG_H": 0,
  "HAVE_MKDIRAT": 1,
  "HAVE_MKFIFO": 1,
  "HAVE_MKFIFOAT": 1,
  "HAVE_MKNOD": 1,
  "HAVE_MKNODAT": 1,
  "HAVE_MKTIME": 1,
  "HAVE_MMAP": 1,
  "HAVE_MREMAP": 0,
  "HAVE_NANOSLEEP": 1,
  "HAVE_NCURSES": 0,
  "HAVE_NCURSESW": 0,
  "HAVE_NCURSESW_CURSES_H": 0,
  "HAVE_NCURSESW_NCURSES_H": 0,
  "HAVE_NCURSESW_PANEL_H": 0,
  "HAVE_NCURSES_CURSES_H": 0,
  "HAVE_NCURSES_H": 1,
  "HAVE_NCURSES_NCURSES_H": 0,
  "HAVE_NCURSES_PANEL_H": 0,
  "HAVE_NDBM_H": 1,
  "HAVE_NDIR_H": 0,
  "HAVE_NETCAN_CAN_H": 0,
  "HAVE_NETDB_H": 1,
  "HAVE_NETINET_IN_H": 1,
  "HAVE_NETLINK_NETLINK_H": 0,
  "HAVE_NETPACKET_PACKET_H": 0,
  "HAVE_NET_ETHERNET_H": 1,
  "HAVE_NET_IF_H": 1,
  "HAVE_NICE": 1,
  "HAVE_NON_UNICODE_WCHAR_T_REPRESENTATION": 0,
  "HAVE_OPENAT": 1,
  "HAVE_OPENDIR": 1,
  "HAVE_OPENPTY": 1,
  "HAVE_PANEL": 0,
  "HAVE_PANELW": 0,
  "HAVE_PANEL_H": 1,
  "HAVE_PATHCONF": 1,
  "HAVE_PAUSE": 1,
  "HAVE_PIPE": 1,
  "HAVE_PIPE2": 0,
  "HAVE_PLOCK": 0,
  "HAVE_POLL": 1,
  "HAVE_POLL_H": 1,
  "HAVE_POSIX_FADVISE": 0,
  "HAVE_POSIX_FALLOCATE": 0,
  "HAVE_POSIX_OPENPT": 1,
  "HAVE_POSIX_SPAWN": 1,
  "HAVE_POSIX_SPAWNP": 1,
  "HAVE_POSIX_SPAWN_FILE_ACTIONS_ADDCLOSEFROM_NP": 0,
  "HAVE_PREAD": 1,
  "HAVE_PREADV": 1,
  "HAVE_PREADV2": 0,
  "HAVE_PRLIMIT": 0,
  "HAVE_PROCESS_H": 0,
  "HAVE_PROCESS_VM_READV": 0,
  "HAVE_PROTOTYPES": 1,
  "HAVE_PTHREAD_CONDATTR_SETCLOCK": 0,
  "HAVE_PTHREAD_COND_TIMEDWAIT_RELATIVE_NP": 1,
  "HAVE_PTHREAD_DESTRUCTOR": 0,
  "HAVE_PTHREAD_GETATTR_NP": 0,
  "HAVE_PTHREAD_GETCPUCLOCKID": 0,
  "HAVE_PTHREAD_GETNAME_NP": 1,
  "HAVE_PTHREAD_GET_NAME_NP": 0,
  "HAVE_PTHREAD_H": 1,
  "HAVE_PTHREAD_INIT": 0,
  "HAVE_PTHREAD_KILL": 1,
  "HAVE_PTHREAD_SETNAME_NP": 1,
  "HAVE_PTHREAD_SET_NAME_NP": 0,
  "HAVE_PTHREAD_SIGMASK": 1,
  "HAVE_PTHREAD_STUBS": 0,
  "HAVE_PTSNAME": 1,
  "HAVE_PTSNAME_R": 0,
  "HAVE_PTY_H": 0,
  "HAVE_PWRITE": 1,
  "HAVE_PWRITEV": 1,
  "HAVE_PWRITEV2": 0,
  "HAVE_READLINE_READLINE_H": 1,
  "HAVE_READLINK": 1,
  "HAVE_READLINKAT": 1,
  "HAVE_READV": 1,
  "HAVE_REALPATH": 1,
  "HAVE_RECVFROM": 1,
  "HAVE_RENAMEAT": 1,
  "HAVE_RL_APPEND_HISTORY": 0,
  "HAVE_RL_CATCH_SIGNAL": 0,
  "HAVE_RL_COMPDISP_FUNC_T": 0,
  "HAVE_RL_COMPLETION_APPEND_CHARACTER": 1,
  "HAVE_RL_COMPLETION_DISPLAY_MATCHES_HOOK": 1,
  "HAVE_RL_COMPLETION_MATCHES": 1,
  "HAVE_RL_COMPLETION_SUPPRESS_APPEND": 0,
  "HAVE_RL_PRE_INPUT_HOOK": 1,
  "HAVE_RL_RESIZE_TERMINAL": 0,
  "HAVE_RTPSPAWN": 0,
  "HAVE_SCHED_GET_PRIORITY_MAX": 1,
  "HAVE_SCHED_H": 1,
  "HAVE_SCHED_RR_GET_INTERVAL": 0,
  "HAVE_SCHED_SETAFFINITY": 0,
  "HAVE_SCHED_SETPARAM": 0,
  "HAVE_SCHED_SETSCHEDULER": 0,
  "HAVE_SEM_CLOCKWAIT": 0,
  "HAVE_SEM_GETVALUE": 1,
  "HAVE_SEM_OPEN": 1,
  "HAVE_SEM_TIMEDWAIT": 0,
  "HAVE_SEM_UNLINK": 1,
  "HAVE_SENDFILE": 1,
  "HAVE_SENDTO": 1,
  "HAVE_SETEGID": 1,
  "HAVE_SETEUID": 1,
  "HAVE_SETGID": 1,
  "HAVE_SETGROUPS": 1,
  "HAVE_SETHOSTNAME": 1,
  "HAVE_SETITIMER": 1,
  "HAVE_SETJMP_H": 1,
  "HAVE_SETLOCALE": 1,
  "HAVE_SETNS": 0,
  "HAVE_SETPGID": 1,
  "HAVE_SETPGRP": 1,
  "HAVE_SETPRIORITY": 1,
  "HAVE_SETREGID": 1,
  "HAVE_SETRESGID": 0,
  "HAVE_SETRESUID": 0,
  "HAVE_SETREUID": 1,
  "HAVE_SETSID": 1,
  "HAVE_SETSOCKOPT": 1,
  "HAVE_SETUID": 1,
  "HAVE_SETVBUF": 1,
  "HAVE_SHADOW_H": 0,
  "HAVE_SHM_OPEN": 1,
  "HAVE_SHM_UNLINK": 1,
  "HAVE_SHUTDOWN": 1,
  "HAVE_SIGACTION": 1,
  "HAVE_SIGALTSTACK": 1,
  "HAVE_SIGFILLSET": 1,
  "HAVE_SIGINFO_T_SI_BAND": 1,
  "HAVE_SIGINTERRUPT": 1,
  "HAVE_SIGNAL_H": 1,
  "HAVE_SIGPENDING": 1,
  "HAVE_SIGRELSE": 1,
  "HAVE_SIGTIMEDWAIT": 0,
  "HAVE_SIGWAIT": 1,
  "HAVE_SIGWAITINFO": 0,
  "HAVE_SNPRINTF": 1,
  "HAVE_SOCKADDR_ALG": 0,
  "HAVE_SOCKADDR_SA_LEN": 1,
  "HAVE_SOCKADDR_STORAGE": 1,
  "HAVE_SOCKET": 1,
  "HAVE_SOCKETPAIR": 1,
  "HAVE_SOCKLEN_T": 1,
  "HAVE_SPAWN_H": 1,
  "HAVE_SPLICE": 0,
  "HAVE_SSIZE_T": 1,
  "HAVE_STATVFS": 1,
  "HAVE_STAT_TV_NSEC": 0,
  "HAVE_STAT_TV_NSEC2": 1,
  "HAVE_STDINT_H": 1,
  "HAVE_STDIO_H": 1,
  "HAVE_STDLIB_H": 1,
  "HAVE_STD_ATOMIC": 1,
  "HAVE_STRFTIME": 1,
  "HAVE_STRINGS_H": 1,
  "HAVE_STRING_H": 1,
  "HAVE_STRLCPY": 1,
  "HAVE_STROPTS_H": 0,
  "HAVE_STRSIGNAL": 1,
  "HAVE_STRUCT_PASSWD_PW_GECOS": 1,
  "HAVE_STRUCT_PASSWD_PW_PASSWD": 1,
  "HAVE_STRUCT_STAT_ST_BIRTHTIME": 1,
  "HAVE_STRUCT_STAT_ST_BLKSIZE": 1,
  "HAVE_STRUCT_STAT_ST_BLOCKS": 1,
  "HAVE_STRUCT_STAT_ST_FLAGS": 1,
  "HAVE_STRUCT_STAT_ST_GEN": 1,
  "HAVE_STRUCT_STAT_ST_RDEV": 1,
  "HAVE_STRUCT_TM_TM_ZONE": 1,
  "HAVE_SYMLINK": 1,
  "HAVE_SYMLINKAT": 1,
  "HAVE_SYNC": 1,
  "HAVE_SYSCONF": 1,
  "HAVE_SYSEXITS_H": 1,
  "HAVE_SYSLOG_H": 1,
  "HAVE_SYSTEM": 1,
  "HAVE_SYS_AUDIOIO_H": 0,
  "HAVE_SYS_AUXV_H": 0,
  "HAVE_SYS_BSDTTY_H": 0,
  "HAVE_SYS_DEVPOLL_H": 0,
  "HAVE_SYS_DIR_H": 0,
  "HAVE_SYS_ENDIAN_H": 0,
  "HAVE_SYS_EPOLL_H": 0,
  "HAVE_SYS_EVENTFD_H": 0,
  "HAVE_SYS_EVENT_H": 1,
  "HAVE_SYS_FILE_H": 1,
  "HAVE_SYS_IOCTL_H": 1,
  "HAVE_SYS_KERN_CONTROL_H": 1,
  "HAVE_SYS_LOADAVG_H": 0,
  "HAVE_SYS_LOCK_H": 1,
  "HAVE_SYS_MEMFD_H": 0,
  "HAVE_SYS_MKDEV_H": 0,
  "HAVE_SYS_MMAN_H": 1,
  "HAVE_SYS_MODEM_H": 0,
  "HAVE_SYS_NDIR_H": 0,
  "HAVE_SYS_PARAM_H": 1,
  "HAVE_SYS_PIDFD_H": 0,
  "HAVE_SYS_POLL_H": 1,
  "HAVE_SYS_RANDOM_H": 1,
  "HAVE_SYS_RESOURCE_H": 1,
  "HAVE_SYS_SELECT_H": 1,
  "HAVE_SYS_SENDFILE_H": 0,
  "HAVE_SYS_SOCKET_H": 1,
  "HAVE_SYS_SOUNDCARD_H": 0,
  "HAVE_SYS_STATVFS_H": 1,
  "HAVE_SYS_STAT_H": 1,
  "HAVE_SYS_SYSCALL_H": 1,
  "HAVE_SYS_SYSMACROS_H": 0,
  "HAVE_SYS_SYS_DOMAIN_H": 1,
  "HAVE_SYS_TERMIO_H": 0,
  "HAVE_SYS_TIMERFD_H": 0,
  "HAVE_SYS_TIMES_H": 1,
  "HAVE_SYS_TIME_H": 1,
  "HAVE_SYS_TYPES_H": 1,
  "HAVE_SYS_UIO_H": 1,
  "HAVE_SYS_UN_H": 1,
  "HAVE_SYS_UTSNAME_H": 1,
  "HAVE_SYS_WAIT_H": 1,
  "HAVE_SYS_XATTR_H": 1,
  "HAVE_TCGETPGRP": 1,
  "HAVE_TCSETPGRP": 1,
  "HAVE_TEMPNAM": 1,
  "HAVE_TERMIOS_H": 1,
  "HAVE_TERM_H": 1,
  "HAVE_TIMEGM": 1,
  "HAVE_TIMERFD_CREATE": 0,
  "HAVE_TIMES": 1,
  "HAVE_TMPFILE": 1,
  "HAVE_TMPNAM": 1,
  "HAVE_TMPNAM_R": 0,
  "HAVE_TM_ZONE": 1,
  "HAVE_TRUNCATE": 1,
  "HAVE_TTYNAME_R": 1,
  "HAVE_TZNAME": 0,
  "HAVE_UMASK": 1,
  "HAVE_UNAME": 1,
  "HAVE_UNISTD_H": 1,
  "HAVE_UNLINKAT": 1,
  "HAVE_UNLOCKPT": 1,
  "HAVE_UNSHARE": 0,
  "HAVE_USABLE_WCHAR_T": 0,
  "HAVE_UTIL_H": 1,
  "HAVE_UTIMENSAT": 1,
  "HAVE_UTIMES": 1,
  "HAVE_UTIME_H": 1,
  "HAVE_UTMP_H": 1,
  "HAVE_UT_NAMESIZE": 1,
  "HAVE_UUID_CREATE": 0,
  "HAVE_UUID_ENC_BE": 0,
  "HAVE_UUID_GENERATE_TIME_SAFE": 1,
  "HAVE_UUID_GENERATE_TIME_SAFE_STABLE_MAC": 0,
  "HAVE_UUID_H": 1,
  "HAVE_UUID_UUID_H": 1,
  "HAVE_VFORK": 1,
  "HAVE_WAIT": 1,
  "HAVE_WAIT3": 1,
  "HAVE_WAIT4": 1,
  "HAVE_WAITID": 1,
  "HAVE_WAITPID": 1,
  "HAVE_WCHAR_H": 1,
  "HAVE_WCSCOLL": 1,
  "HAVE_WCSFTIME": 1,
  "HAVE_WCSXFRM": 1,
  "HAVE_WMEMCMP": 1,
  "HAVE_WORKING_TZSET": 0,
  "HAVE_WRITEV": 1,
  "HAVE_ZDICT_H": 1,
  "HAVE_ZLIB_COPY": 1,
  "HAVE_ZLIB_H": 1,
  "HAVE_ZSTD_H": 1,
  "HAVE__GETPTY": 0,
  "HAVE___UINT128_T": 1,
  "MAJOR_IN_MKDEV": 0,
  "MAJOR_IN_SYSMACROS": 0,
  "MVWDELCH_IS_EXPRESSION": 1,
  "PACKAGE_BUGREPORT": 0,
  "PACKAGE_NAME": 0,
  "PACKAGE_STRING": 0,
  "PACKAGE_TARNAME": 0,
  "PACKAGE_URL": 0,
  "PACKAGE_VERSION": 0,
  "POSIX_SEMAPHORES_NOT_ENABLED": 0,
  "PTHREAD_KEY_T_IS_COMPATIBLE_WITH_INT": 0,
  "PTHREAD_SYSTEM_SCHED_SUPPORTED": 0,
  "PYLONG_BITS_IN_DIGIT": 0,
  "PY_BUILTIN_HASHLIB_HASHES": "\"md5,sha1,sha2,sha3,blake2\"",
  "PY_COERCE_C_LOCALE": 1,
  "PY_HAVE_PERF_TRAMPOLINE": 0,
  "PY_SQLITE_ENABLE_LOAD_EXTENSION": 0,
  "PY_SQLITE_HAVE_SERIALIZE": 1,
  "PY_SSL_DEFAULT_CIPHERS": 1,
  "PY_SSL_DEFAULT_CIPHER_STRING": 0,
  "PY_SUPPORT_TIER": 1,
  "Py_DEBUG": 0,
  "Py_ENABLE_SHARED": 1,
  "Py_GIL_DISABLED": 0,
  "Py_HASH_ALGORITHM": 0,
  "Py_REMOTE_DEBUG": 1,
  "Py_RL_STARTUP_HOOK_TAKES_ARGS": 1,
  "Py_STATS": 0,
  "Py_SUNOS_VERSION": 0,
  "Py_TAIL_CALL_INTERP": 1,
  "Py_TRACE_REFS": 0,
  "RETSIGTYPE": "void",
  "SETPGRP_HAVE_ARG": 0,
  "SIGNED_RIGHT_SHIFT_ZERO_FILLS": 0,
  "SIZEOF_DOUBLE": 8,
  "SIZEOF_FLOAT": 4,
  "SIZEOF_FPOS_T": 8,
  "SIZEOF_INT": 4,
  "SIZEOF_LONG": 8,
  "SIZEOF_LONG_DOUBLE": 16,
  "SIZEOF_LONG_LONG": 8,
  "SIZEOF_OFF_T": 8,
  "SIZEOF_PID_T": 4,
  "SIZEOF_PTHREAD_KEY_T": 8,
  "SIZEOF_PTHREAD_T": 8,
  "SIZEOF_SHORT": 2,
  "SIZEOF_SIZE_T": 8,
  "SIZEOF_TIME_T": 8,
  "SIZEOF_UINTPTR_T": 8,
  "SIZEOF_VOID_P": 8,
  "SIZEOF_WCHAR_T": 4,
  "SIZEOF__BOOL": 1,
  "STDC_HEADERS": 1,
  "SYS_SELECT_WITH_SYS_TIME": 1,
  "THREAD_STACK_SIZE": "0x1000000",
  "TIMEMODULE_LIB": 0,
  "TM_IN_SYS_TIME": 0,
  "USE_COMPUTED_GOTOS": 0,
  "WINDOW_HAS_FLAGS": 1,
  "WITH_DECIMAL_CONTEXTVAR": 1,
  "WITH_DOC_STRINGS": 1,
  "WITH_DTRACE": 0,
  "WITH_DYLD": 1,
  "WITH_EDITLINE": 0,
  "WITH_LIBINTL": 0,
  "WITH_MIMALLOC": 1,
  "WITH_NEXT_FRAMEWORK": 0,
  "WITH_PYMALLOC": 1,
  "WITH_VALGRIND": 0,
  "X87_DOUBLE_ROUNDING": 0,
  "STRICT_SYSV_CURSES": "/* Don't use ncurses extensions */",
  "py_version": "3.14.0",
  "py_version_short": "3.14",
  "py_version_nodot": "314",
  "installed_base": "/install",
  "base": "/install",
  "installed_platbase": "/install",
  "platbase": "/install",
  "projectbase": "/install/bin",
  "platlibdir": "lib",
  "implementation": "Python",
  "implementation_lower": "python",
  "abiflags": "",
  "py_version_nodot_plat": "",
  "userbase": "/Users/runner/.local",
  "abi_thread": ""
}